order,item_id,english_source,target_text,intent_label,category,note
1,zh-001,check my email for any new email from joe,查看我的电子邮件查看来自乔的任何新电子邮件,email_query,,
2,zh-002,can you turn on the radio,你能点电台吗?,play_radio,,
3,zh-003,show me some current events,给我看一些当前事件,news_query,,
4,zh-004,i had food as soon as i got up,我起床后吃了东西,general_quirky,,
5,zh-005,order a twelve piece honey mustard wing combo with seasonimg altnon the fries and a sprite as the drink,"订购12块的蜜果翼组合,用果和子作为饮料.",takeaway_order,,
6,zh-006,what was the last movie will smith was in,威尔斯·史密斯的最后一部电影是什么?,qa_factoid,,
7,zh-007,are there any good pizza places around here,这里有没有好吃的披萨店吗?,recommendation_locations,,
8,zh-008,start some music play the radio,开始一些音乐播放广播,play_radio,,
9,zh-009,check outlook,检查前景,email_query,,
10,zh-010,post my latest entry to twitter at n.s.a.,在NSA上发布我最新的帖子,social_post,,
11,zh-011,check my new emails and tell me what are they about,"查看我的新电子邮件,告诉我它们是什么.",email_query,,
12,zh-012,how cold will it get each night this week,这周每天晚上会有多冷,weather_query,,
13,zh-013,what does oscillate mean,振荡意味着什么?,qa_definition,,
14,zh-014,please play shake it off by taylor swiftm,"请玩""摇它"" 泰勒·斯威夫特",play_music,,
15,zh-015,change the station to eighty two point four,换站到八十二点四,play_radio,,
16,zh-016,what is the time in canada now,现在加拿大时间是多少?,datetime_query,,
17,zh-017,let me hear my list,让我听到我的名单,lists_query,,
18,zh-018,play the most popular elton john song,播放最受欢迎的埃尔顿约翰歌曲,play_music,,
19,zh-019,find route,找到路线,qa_factoid,,
20,zh-020,create a notification reminder for meeting tomorrow,创建一个通知提醒明天的会议,calendar_set,,
21,zh-021,i want to hear the last news from c. n. n.,我想听到CNN的最新消息.,news_query,,
22,zh-022,show latest news,显示最新新闻,news_query,,
23,zh-023,is there a meeting on my calendar this afternoon,"今天下午,我有没有会议?",calendar_query,,
24,zh-024,please make the lights natural,请让灯光自然.,iot_hue_lightchange,,
25,zh-025,let me know the recipe for preparing pasta,让我知道食的配方,cooking_recipe,,
26,zh-026,add event for meeting with james,加入与詹姆斯的会议活动,calendar_set,,
27,zh-027,play an f. m.,打一个F.M.,play_radio,,
28,zh-028,let me know any new emails i've received,让我知道我收到的任何新电子邮件,email_query,,
29,zh-029,i would like to hear some rap music,我想听一些拉普音乐,play_music,,
30,zh-030,remind me to take out the garbage at six p. m.,提醒我在晚上六点拿出垃圾.,calendar_set,,
31,zh-031,when does my alarm go off,什么时候我的警报会响起,alarm_query,,
32,zh-032,olly what are new drama movies opening this weekend,"艾莉,今周末开幕的新剧情电影是什么?",recommendation_movies,,
33,zh-033,play a podcast from my library,从我的图书馆播放一个播客,play_podcasts,,
34,zh-034,add a new email for julie smith,给朱莉史密斯添加一个新的电子邮件,email_sendemail,,
35,zh-035,i need to get up at ten tomorrow,我需要早上10点起床.,alarm_set,,
36,zh-036,the definition of life,生命的定义,qa_definition,,
37,zh-037,call the nearest thai restaurant with delivery,"联系最接近的泰国餐厅,",takeaway_order,,
38,zh-038,quiet time,静静的时间,audio_volume_mute,,
39,zh-039,tell comcast i hate them,"告诉康卡斯,我讨厌他们.",social_post,,
40,zh-040,does allearsnet have a new podcast,艾尔尔斯网有没有新的播客,play_podcasts,,
41,zh-041,how many tornadoes have there been this month,这个月有多少次风,general_quirky,,
42,zh-042,open inbox to check unread mails,打开收件箱查看未读的邮件,email_query,,
43,zh-043,set wake up thursday seven am,设置星期四早上7点起床,alarm_set,,
44,zh-044,get rid of the events on the nineteenth from my calendar,摆脱我的日历的十九日事件,calendar_remove,,
45,zh-045,open chess app and begin game,"打开棋牌应用程序,开始游戏",play_game,,
46,zh-046,how far is canada from my current location,"距离我现在的位置有多远,加拿大",qa_factoid,,
47,zh-047,remove succeeding event,删除后续事件,calendar_remove,,
48,zh-048,how much is a round trip train ticket to go to new york,一次往返到纽约的火车票多少钱,transport_query,,
49,zh-049,tell me what i wore yesterday,告诉我昨天我穿什么,general_quirky,,
50,zh-050,post this to my facebook l. o. l.,发到我的Facebook上.,social_post,,
51,zh-051,please set the brightness of lightness appropriately in kitchen,请在厨房中适当设置轻度的亮度,iot_hue_lightup,,
52,zh-052,open tweet to apple that my iphone's battery is always drained,开封推文给果说我的iPhone电池总是耗尽,social_post,,
53,zh-053,cancel business meeting on wednesday,取消周三的商务会议,calendar_remove,,
54,zh-054,keep me informed about bitcoin price,让我知道比特币价格,news_query,,
55,zh-055,check if alarm is set for six am,检查是否设置警报时间为早上6点,alarm_query,,
56,zh-056,alexa play song over the rainbow,亚历克萨在彩虹上演奏歌曲,play_music,,
57,zh-057,is there anything new in my mailbox,在我的邮箱里有什么新东西吗?,email_query,,
58,zh-058,when's mark lanegan's next album out,马克·莱尼根下一个专辑什么时候出炉?,qa_factoid,,
59,zh-059,change volume settings in the negative alexa,在负 alexa 中改变音量设置,audio_volume_other,,
60,zh-060,tell me if taco bell delivers,"告诉我,如果塔科贝尔交付",takeaway_query,,
61,zh-061,tell me current time in los angels,告诉我洛杉矶的时间,datetime_query,,
62,zh-062,olly set alarm for reminder,"为了提醒,安装了警报",alarm_set,,
63,zh-063,house lights blue,房子灯蓝色,iot_hue_lightchange,,
64,zh-064,get me match highlights,给我一个匹配的亮点,news_query,,
65,zh-065,tell me the funniest joke that was ever told,告诉我有史以来最有趣的笑话,general_joke,,
66,zh-066,can you remove this item from the list,您可以从列表中删除这个项目吗?,lists_remove,,
67,zh-067,how is it outside today,今天外面怎么样,weather_query,,
68,zh-068,any mail from amazon today,今天从亚马逊发出任何邮件,email_query,,
69,zh-069,what artist is this,这位艺术家是什么?,music_query,,
70,zh-070,what i like today,今天我喜欢的,general_quirky,,
71,zh-071,open contacts,开放的联系,email_addcontact,,
72,zh-072,can you make the lights go out,你能让灯光灭吗?,iot_hue_lightoff,,
73,zh-073,lead the way to the place,带领我们去那个地方,transport_query,,
74,zh-074,do not make any noise until morning alarm,在早晨起钟之前不要做任何噪音,audio_volume_mute,,
75,zh-075,show me any emails received in the last hour,给我看过去一小时收到的任何电子邮件,email_query,,
76,zh-076,turn off the dining room,关掉餐厅,iot_hue_lightoff,,
77,zh-077,lower volume by fifty percent,低于50%的体积,audio_volume_down,,
78,zh-078,what is elvis favorite ride,埃尔维斯最喜欢的骑车是什么?,qa_factoid,,
79,zh-079,what time is it in austin,澳斯是什么时候,datetime_query,,
80,zh-080,find a description about a samsung t. v.,找一个关于三星电脑的描述.,qa_definition,,
81,zh-081,what is the difference between roman and grigorean calendar,罗马和格里戈里历的区别是什么?,qa_factoid,,
82,zh-082,find the ways of travel for the same,"找到旅行方式,",transport_query,,
83,zh-083,please get the coffee machine to make me some coffee,请把咖啡机给我做一些咖啡,iot_coffee,,
84,zh-084,what is two hundred divided by ten,两百分之十是什么?,qa_maths,,
85,zh-085,current song playing what is it,现在的歌曲是什么,music_query,,
86,zh-086,show me the events in my work calendar for next week,给我看下周的工作日程中的事件,calendar_set,,
87,zh-087,clear out the shopping list,清除购物清单,lists_remove,,
88,zh-088,hello i want to turn off my wemo plug,"您好,我想关掉我的微电插头.",iot_wemo_off,,
89,zh-089,does pink have a new baby,粉红有没有新生儿,qa_factoid,,
90,zh-090,set an alarm for tomorrow at six in the morning,设置明天早上六点的警报,alarm_set,,
91,zh-091,exchange rate of euro with dollar,欧元美元汇率,qa_currency,,
92,zh-092,please check the trending topics on twitter,请查看Twitter上的流行话题,social_query,,
93,zh-093,what is the email address for tessa,泰萨的电子邮件地址是什么?,email_querycontact,,
94,zh-094,please play only music of pop mix,请只播放流行音乐,play_music,,
95,zh-095,tell me about mary s.,告诉我关于玛丽斯.,email_querycontact,,
96,zh-096,what store is having sales tomorrow,明天有什么商店会卖,general_quirky,,
97,zh-097,play my station,玩我的站点,play_radio,,
98,zh-098,what time have you set the alarm,你在什么时候设置警报?,alarm_query,,
99,zh-099,remind me about my anniversary in one day advance,一天前提醒我我的周年纪念日,calendar_set,,
100,zh-100,recipes that can be cooked in an hour,几种可以在一个小时内做的食谱,cooking_recipe,,
101,zh-101,post my business on twitter,在Twitter上发布我的业务,social_post,,
102,zh-102,please tell me what is the definition of cylinder,请告诉我筒的定义是什么?,qa_definition,,
103,zh-103,clean the floor,清理地板,iot_cleaning,,
104,zh-104,olly play poker with me,艾莉和我一起玩克,play_game,,
105,zh-105,tell me about city traffic,告诉我城市交通,transport_traffic,,
106,zh-106,topic,问题,email_query,,
107,zh-107,any mail from amazon today,今天从亚马逊发出任何邮件,email_query,,
108,zh-108,write an email for john at gmail dot com,给约翰写电子邮件在Gmail点com,email_sendemail,,
109,zh-109,sticking to diet,坚持饮食,general_quirky,,
110,zh-110,please tell me the latest news,请告诉我最新的新闻,news_query,,
111,zh-111,what is the fastest way to get to starbucks,什么是最快的方法去星巴克,transport_query,,
112,zh-112,make a new alarm,打一个新的警报,alarm_set,,
113,zh-113,play for me music by the beatles,给我播放比特尔队的音乐,play_music,,
114,zh-114,show me the available colors of lights,给我看看灯的颜色,iot_hue_lightchange,,
115,zh-115,how much is a round trip train ticket to go to new york,一次往返到纽约的火车票多少钱,transport_query,,
116,zh-116,i would like it to help analyze ideas,我希望它能帮助分析想法,general_quirky,,
117,zh-117,can i get delilah on the radio in the bedroom,我可以在卧室里收音机上听戴丽拉吗?,play_radio,,
118,zh-118,check if alarm is set for six am,检查是否设置警报时间为早上6点,alarm_query,,
119,zh-119,what's the date of the winter solstice two years from now,冬日变化的日期是什么?,datetime_query,,
120,zh-120,what's a good joke,什么是个好笑话,general_joke,,
121,zh-121,remind me everyday at two p. m. for lunch,每天晚上两点就提醒我吃午饭,calendar_set,,
122,zh-122,book a first class ticket in the next train to miami,在下一列列车上预订一班票前往迈阿密,transport_ticket,,
123,zh-123,play the previous podcast,播放之前的播客,play_podcasts,,
124,zh-124,what time does the train arrive in sacremento,列车到达萨克里门托什么时候,transport_query,,
125,zh-125,check unread emails from amy,查看艾米的未读的电子邮件,email_query,,
126,zh-126,list out my schedule today,列出我今天的时间表,calendar_query,,
127,zh-127,tell me about the cheapest flight fares to nj today,告诉我今天最便宜的飞行票,transport_ticket,,
128,zh-128,email jerry regarding the meeting,关于会议的电子邮件,email_sendemail,,
129,zh-129,i wish it could give me advice,我希望它能给我一个建议,general_quirky,,
130,zh-130,play all music by billy joel,播放所有音乐的比利乔尔,play_music,,
131,zh-131,what is the quickest way to my work downtown without hitting any traffic,"什么是最快的方法去我的工作中心,没有碰到任何交通",transport_query,,
132,zh-132,show me the events in my work calendar for next week,给我看下周的工作日程中的事件,calendar_set,,
133,zh-133,will it snow tomorrow at noon,明天下午会有雪吗?,weather_query,,
134,zh-134,can you give me the details of upcoming annual function on twenty sixth march,你能给我讲下20月6日的年度活动的细节吗?,general_quirky,,
135,zh-135,it is seven am in pacific standard time,现在是太平洋标准时间上午7点.,datetime_convert,,
136,zh-136,please remind me about this tomorrow,请提醒我明天,calendar_set,,
137,zh-137,how's the weather like in new jersey,纽约泽西的天气是什么样子,weather_query,,
138,zh-138,what is the time in las vegas,拉斯维加斯有什么时间?,datetime_query,,
139,zh-139,show geographic details of pyramids,显示金字塔的地理细节,qa_factoid,,
140,zh-140,the sun is shinning bright will we have this weather for the rest of the day,"太阳正在闪耀,我们会在余下的天气.",weather_query,,
141,zh-141,hey what's a book,",什么是书",qa_definition,,
142,zh-142,let's hear some indie rock okay,让我们听一些独立摇滚吧,play_music,,
143,zh-143,create an alarm for today at ten am,打造一个今天早上10点的警报,alarm_set,,
144,zh-144,user friendly,适合用户,news_query,,
145,zh-145,i want to order a pizza from michael's pizza,我想要从迈克尔的披萨订购披萨.,takeaway_order,,
146,zh-146,play my favorite book,玩我最喜欢的书,play_audiobook,,
147,zh-147,have i received any emails in the last ten minutes,"在过去的10分钟里,我是否收到任何电子邮件?",email_query,,
148,zh-148,tweet samsung and tell them to stop killing people with their products,"推文给三星说,不要用他们的产品杀人人",social_post,,
149,zh-149,lower the intensity of light,降低光强度,iot_hue_lightdim,,
150,zh-150,please play only sad song in music player,请在音乐播放器中播放只有悲伤的歌曲,play_music,,
151,zh-151,set alarm of only monday morning six am,只有星期一早上六点的警报,alarm_set,,
152,zh-152,please compose a new email to coworker,请给同事写一个新的电子邮件,email_sendemail,,
153,zh-153,how is the traffic presently near central park road,现在中央公园公路附近的交通状况如何,transport_traffic,,
154,zh-154,i want to know about this song,我想知道这个歌曲,music_query,,
155,zh-155,open stock price for name,开放股票价格,qa_stock,,
156,zh-156,post my latest entry to twitter at n.s.a.,在NSA上发布我最新的帖子,social_post,,
157,zh-157,olly play a good track from my favorite jazz player,艾莉演奏了我最喜欢的爵士乐手的好曲子,play_music,,
158,zh-158,please say to the email that sent me george i need the money now it's urgent,"请告诉发给我的电子邮件乔治,我需要钱,现在是紧急的.",email_sendemail,,
159,zh-159,do i have a sales meeting today,今天我有卖会吗?,calendar_query,,
160,zh-160,what reminders do i have scheduled before noon tomorrow,我明天下午之前安排了什么提醒?,calendar_query,,
161,zh-161,remind me the meeting with allen on fifteenth march,"提醒我,我们在15月15日与艾伦的会面.",calendar_set,,
162,zh-162,can you book an uber tomorrow,你能预订一个Uber明天吗?,transport_taxi,,
163,zh-163,play netflix on my p. s. four,在我的第4页上播放Netflix,play_radio,,
164,zh-164,tell me what i wore yesterday,告诉我昨天我穿什么,general_quirky,,
165,zh-165,reply to the mail with the following content hello you,回答邮件的内容如下:,email_sendemail,,
166,zh-166,i need good ideas for cooking,我需要好主意做饭,cooking_recipe,,
167,zh-167,turn off the dining room,关掉餐厅,iot_hue_lightoff,,
168,zh-168,i occasionally pay attention,我偶尔会注意,weather_query,,
169,zh-169,can you lower the lights,你能放下灯?,iot_hue_lightdim,,
170,zh-170,play the next one,玩下一个,play_podcasts,,
171,zh-171,contact detail of paul,保罗的联系细节,email_querycontact,,
172,zh-172,what is the interview time from yesterday's email,"截至昨天的电邮,面试时间是多少?",email_query,,
173,zh-173,when is the next train to glasgow from aberdeen,从阿伯迪恩到格拉斯哥的下一列火车是什么时候?,transport_query,,
174,zh-174,could you please create a pandora channel for adele,你能为阿德尔创建一个潘多拉频道吗?,music_settings,,
175,zh-175,do i have any new friend requests,我有没有新的朋友请求,social_query,,
176,zh-176,i like this song please save,"我喜欢这首歌,请保存",music_likeness,,
177,zh-177,i mostly pay attention,我主要注意,weather_query,,
178,zh-178,set up a notification about tomorrow's meeting at ten,设定明天10点的会议通知,calendar_set,,
179,zh-179,resume joes book from where i left off last time,继续乔的书从我最后一次停下来,play_audiobook,,
180,zh-180,recite the schedules of the list,阅读列表的时间表,lists_query,,
181,zh-181,find the ways of travel for the same,"找到旅行方式,",transport_query,,
182,zh-182,remove the old music list,删除旧音乐列表,lists_remove,,
183,zh-183,could you please create a pandora channel for adele,你能为阿德尔创建一个潘多拉频道吗?,music_settings,,
184,zh-184,which film the music comes from what is the name of the music,电影音乐来自哪个电影音乐的名字是什么,music_query,,
185,zh-185,do you know jessica snout's phone number,你知道杰西卡斯诺斯的电话号码吗?,qa_factoid,,
186,zh-186,latest new on international women's day,关于国际妇女节的最新消息,news_query,,
187,zh-187,are there any free events on in my area today,今天在我的地区有没有免费活动,recommendation_events,,
188,zh-188,get rid of the events on the nineteenth from my calendar,摆脱我的日历的十九日事件,calendar_remove,,
189,zh-189,tell me that list i wrote two days ago,告诉我我两天前写的列表,lists_query,,
190,zh-190,it's my mother's birthday today send me a notification every year on this date,今天是我母亲的生日. 每年都会发送通知.,calendar_set,,
191,zh-191,i want to know more about this event,我想知道更多关于这个事件的信息.,calendar_query,,
192,zh-192,where is mary's birthday party being held,玛丽的生日聚会在哪里举行,calendar_query,,
193,zh-193,order a twelve piece honey mustard wing combo with seasonimg altnon the fries and a sprite as the drink,"订购12块的蜜果翼组合,用果和子作为饮料.",takeaway_order,,
194,zh-194,is it any ones birthday,是不是某人的生日,calendar_query,,
195,zh-195,play for me the music by the beatles,给我播放比特尔队的音乐,play_music,,
196,zh-196,mark april twenty as my brother's birthday,标记4月二十日为我哥哥的生日,calendar_set,,
197,zh-197,please read new emails,请阅读新的电子邮件,email_query,,
198,zh-198,i need to find a gift what stores are within a one mile radius,我需要找到礼物. 哪些商店在一英里半径内.,recommendation_locations,,
199,zh-199,give details of rock sand,提供岩石沙的详细信息,qa_definition,,
200,zh-200,what can i do in berlin,我在柏林能做什么,recommendation_events,,
201,zh-201,change volume settings in the negative alexa,在负 alexa 中改变音量设置,audio_volume_other,,
202,zh-202,internet please,"互联网,请",general_quirky,,
203,zh-203,show me any emails received in the last hour,给我看过去一小时收到的任何电子邮件,email_query,,
204,zh-204,i want to order chinese take-out,我想要订购中国菜.,takeaway_order,,
205,zh-205,play poker face by lady gaga,玩克脸的女士加加,play_music,,
206,zh-206,what is two hundred divided by ten,两百分之十是什么?,qa_maths,,
207,zh-207,what time are the trains going to chennai leaving,列车到奈的时间是什么时候离开的,transport_query,,
208,zh-208,add a meeting at the office with brian for three p. m. on tuesday,增加一个会议在办公室与布莱恩的下午3点星期二,calendar_set,,
209,zh-209,recite the schedules of the list,阅读列表的时间表,lists_query,,
210,zh-210,what is the difference between bake and broil,烤肉和烤肉的区别是什么?,cooking_recipe,,
211,zh-211,i want to see the next podcast available,我想看下一个播客可用,play_podcasts,,
212,zh-212,alexa start email,亚历克萨开始电子邮件,email_sendemail,,
213,zh-213,what's the latest news from xinhua,华最新的新闻是什么?,news_query,,
214,zh-214,do i have any appointments,我有没有约会?,calendar_query,,
215,zh-215,open contacts,开放的联系,email_addcontact,,
216,zh-216,set the coffee maker to on,设置咖啡机上,iot_coffee,,
217,zh-217,when was the us got freedom,美国什么时候获得自由?,qa_factoid,,
218,zh-218,will it snow tomorrow at noon,明天下午会有雪吗?,weather_query,,
219,zh-219,tell me the news about share market ups and downs,告诉我股市上和下跌的消息,news_query,,
220,zh-220,power off please,"关闭电源,请",iot_wemo_off,,
221,zh-221,it must be taste,这一定是味道.,cooking_recipe,,
222,zh-222,hayathis daughter baby shower,哈伊塔斯女儿的婴儿淋浴,calendar_set,,
223,zh-223,what is the population of russia,俄罗斯人口是多少,qa_factoid,,
224,zh-224,noodles one pack make it as takeaway,"一包面包,可以作为带来.",takeaway_order,,
225,zh-225,i want some jazz music to play,我想要一些爵士音乐来演奏,play_music,,
226,zh-226,play papa pear saga,玩爸爸梨故事,play_game,,
227,zh-227,put my dinner at red lobster on the calendar for today at nine,"现在晚上9点,我把晚餐放在红的日历上.",calendar_set,,
228,zh-228,what is the timing of bagmati express,巴格马蒂快车的时间是什么?,transport_query,,
229,zh-229,searching information online,在网上搜索信息,general_quirky,,
230,zh-230,i went to the store,我去商店,general_quirky,,
231,zh-231,can you put on the giver,你能给给人吗?,play_audiobook,,
232,zh-232,make me a cup of coffee with salted carmel flavored cream,"给我一个杯咖啡,用的卜味",iot_coffee,,
233,zh-233,will there be a fall in temperature by tonight,"到今晚,气温会下降吗?",weather_query,,
234,zh-234,scratch that one from the list,掉这个名单,lists_remove,,
235,zh-235,get rid of my current alarms,摆脱我的当前警报,alarm_remove,,
236,zh-236,add a new email for julie smith,给朱莉史密斯添加一个新的电子邮件,email_sendemail,,
237,zh-237,where was president madison born,麦迪逊总统出生在哪里,qa_factoid,,
238,zh-238,answer to pawel's email,回答帕威尔的电子邮件,email_sendemail,,
239,zh-239,can you book a train ticket,你能预订火车票吗?,transport_ticket,,
240,zh-240,what is the latest story from fox news,福克斯新闻最新的消息是什么?,news_query,,
241,zh-241,will the temperature be higher than forty tomorrow,明天的温度将超过40°C吗?,weather_query,,
242,zh-242,can you put in lee's birthday on the twenty second of june,你能把李的生日放在6月20日吗?,calendar_set,,
243,zh-243,save this song to playlist,保存这首歌到播放列表,music_likeness,,
244,zh-244,find out what song this is and tell me the name,"找出这首歌是什么,告诉我这个歌的名字.",music_query,,
245,zh-245,please give me information on michael jackson,请给我关于迈克尔·杰克逊的信息,qa_factoid,,
246,zh-246,what time is the black tie gala dinner supposed to begin,黑晚宴应该开始什么时候?,calendar_query,,
247,zh-247,i wish it could give me advice,我希望它能给我一个建议,general_quirky,,
248,zh-248,emails in the last ten minutes,在过去的10分钟内发送的电子邮件,email_query,,
249,zh-249,please look in to the matter,请看看这个问题,general_quirky,,
250,zh-250,send mom an email now,现在给发电子邮件,email_sendemail,,
251,zh-251,drive the car and bring my friends over,开车带我的朋友来,general_quirky,,
252,zh-252,play me last year's hits,给我播放去年的歌曲,play_music,,
253,zh-253,start some music play the radio,开始一些音乐播放广播,play_radio,,
254,zh-254,remove birthday from calendar,从日历中删除生日,calendar_remove,,
255,zh-255,how long will my lunch meeting be on tuesday,星期二的午餐会将会有多长时间,calendar_query,,
256,zh-256,i'd like to set a date for this week,我希望定下一个日期.,calendar_set,,
257,zh-257,prepare coffee now,现在准备咖啡,iot_coffee,,
258,zh-258,bring me the title of current music,给我带来当前音乐的标题,music_query,,
259,zh-259,what's the recipe for fish soup,鱼的食谱是什么?,cooking_recipe,,
260,zh-260,continue the last chapter of the audio book i was listening to,继续我听到的音频书的最后一章,play_audiobook,,
261,zh-261,how do i make pizza,我怎么做披萨?,cooking_recipe,,
262,zh-262,open davinci code audiobook,打开达文西代码音频书,play_audiobook,,
263,zh-263,what times are my alarms set for,警报是什么时候设置的,alarm_query,,
264,zh-264,please reserve the next taxi a nine am,请在上午9点预定下一辆出租车,transport_taxi,,
265,zh-265,info on this week weather,关于本周的天气信息,weather_query,,
266,zh-266,olly cancel all soccer practice alarms,利取消所有的足球练习警报,alarm_remove,,
267,zh-267,remind me tomorrow at ten am about the meeting,"提醒我明天早上十点,关于会议.",calendar_set,,
268,zh-268,what was george eliot's first november el,乔治·埃利奥特的第一天11月是什么,qa_factoid,,
269,zh-269,post a new status on facebook saying that i am enjoying the nice weather,"在Facebook上发布一个新状态,说我享受了美好的天气",social_post,,
270,zh-270,play the most recent podcast for this american life,播放最新的美国生活播客,play_podcasts,,
